{
  "thresholds": [
    0.02,
    0.05,
    0.08,
    0.1,
    0.12,
    0.15,
    0.18,
    0.2
  ],
  "shannon_bounds": [
    0.9655025358005551,
    1.2649978065046903,
    1.5881399262621803,
    1.8416629728328993,
    2.126580496565143,
    2.6366606883705206,
    3.3364276645824775,
    4.155855418940656
  ],
  "empirical_bits": [
    1.1368436922205032,
    1.460007381379631,
    1.7600879498845354,
    2.0082314969174373,
    2.267916604277451,
    2.758432918179698,
    3.6817577443486345,
    4.5242916482277895
  ],
  "efficiency_ratios": [
    1.17746318633734,
    1.1541580340077986,
    1.1082700716599003,
    1.0904446288716536,
    1.066461677768885,
    1.0461842626722038,
    1.1035029422133065,
    1.0886547274017173
  ],
  "analysis": {
    "slope": 1.0647087643874082,
    "intercept": 0.06530385805445427,
    "r_squared": 0.9971441877854725,
    "p_value": 7.2862590813186285e-09,
    "slope_se": 0.023261678347348318,
    "slope_ci": [
      1.0191158748266056,
      1.110301653948211
    ],
    "correlation_r": 0.9985710729765174,
    "correlation_p": 7.286259081313537e-09,
    "eta_mean": 1.1043924413666006,
    "eta_std": 0.04046746720392046,
    "eta_cv": 0.03664228917923875,
    "validated": true
  }
}