{
  "scores": {
    "ResNet": {
      "Original": {
        "mean": 0.8113768383848006,
        "std": 0.010249578393624389
      },
      "Additive": {
        "mean": 0.8855169404763733,
        "std": 0.006189314690515726
      },
      "TV-only": {
        "mean": 0.9800901935313482,
        "std": 0.0014247342949540336
      },
      "Compress": {
        "mean": 0.8191227213541665,
        "std": 0.009317090506742455
      },
      "LowFreq": {
        "mean": 0.9999958872795105,
        "std": 5.71272494198638e-07
      },
      "Gradient": {
        "mean": 0.9738456606864929,
        "std": 0.0016278296243399382
      }
    },
    "CPPN": {
      "Original": {
        "mean": 0.9448245441988447,
        "std": 0.006343283490362251
      },
      "Additive": {
        "mean": 0.9788721285353015,
        "std": 0.0025550338512455918
      },
      "TV-only": {
        "mean": 0.9963807077232417,
        "std": 0.00028483979149092743
      },
      "Compress": {
        "mean": 0.9664860026041667,
        "std": 0.00506448305533656
      },
      "LowFreq": {
        "mean": 1.0,
        "std": 6.078504810602681e-08
      },
      "Gradient": {
        "mean": 0.9982904195785522,
        "std": 0.0005297763855196536
      }
    },
    "MLP": {
      "Original": {
        "mean": 0.20945739537637706,
        "std": 0.02159576813723643
      },
      "Additive": {
        "mean": 0.4752082042534227,
        "std": 0.019504184212016565
      },
      "TV-only": {
        "mean": 0.5619111726836379,
        "std": 0.03764768998429754
      },
      "Compress": {
        "mean": 0.362451171875,
        "std": 0.012424601876020612
      },
      "LowFreq": {
        "mean": 0.9991337060928345,
        "std": 0.00020154380763415247
      },
      "Gradient": {
        "mean": 0.7257161736488342,
        "std": 0.025553906336426735
      }
    },
    "ViT": {
      "Original": {
        "mean": 0.004305189791168319,
        "std": 8.673617379884035e-19
      },
      "Additive": {
        "mean": 0.069510043272914,
        "std": 1.3877787807814457e-17
      },
      "TV-only": {
        "mean": 0.04907609059502554,
        "std": 0.0
      },
      "Compress": {
        "mean": 0.098876953125,
        "std": 0.0
      },
      "LowFreq": {
        "mean": 0.9739417433738708,
        "std": 5.960464477539063e-08
      },
      "Gradient": {
        "mean": 0.1925903856754303,
        "std": 0.0
      }
    },
    "Uniform": {
      "Original": {
        "mean": -1.1434168066975764e-06,
        "std": 3.9713123309214905e-08
      },
      "Additive": {
        "mean": 0.00018829953520785672,
        "std": 2.5961043095853052e-05
      },
      "TV-only": {
        "mean": 0.001283059445875636,
        "std": 4.531639203889806e-05
      },
      "Compress": {
        "mean": -0.0008951822916667407,
        "std": 0.0
      },
      "LowFreq": {
        "mean": 0.9013415575027466,
        "std": 0.0019965660758316517
      },
      "Gradient": {
        "mean": 0.025441134348511696,
        "std": 0.0013664113357663155
      }
    }
  },
  "rankings": {
    "Original": [
      2,
      1,
      3,
      4,
      5
    ],
    "Additive": [
      2,
      1,
      3,
      4,
      5
    ],
    "TV-only": [
      2,
      1,
      3,
      4,
      5
    ],
    "Compress": [
      2,
      1,
      3,
      4,
      5
    ],
    "LowFreq": [
      2,
      1,
      3,
      4,
      5
    ],
    "Gradient": [
      2,
      1,
      3,
      4,
      5
    ]
  },
  "tau_matrix": [
    [
      0.9999999999999999,
      0.9999999999999999,
      0.9999999999999999,
      0.9999999999999999,
      0.9999999999999999,
      0.9999999999999999
    ],
    [
      0.9999999999999999,
      0.9999999999999999,
      0.9999999999999999,
      0.9999999999999999,
      0.9999999999999999,
      0.9999999999999999
    ],
    [
      0.9999999999999999,
      0.9999999999999999,
      0.9999999999999999,
      0.9999999999999999,
      0.9999999999999999,
      0.9999999999999999
    ],
    [
      0.9999999999999999,
      0.9999999999999999,
      0.9999999999999999,
      0.9999999999999999,
      0.9999999999999999,
      0.9999999999999999
    ],
    [
      0.9999999999999999,
      0.9999999999999999,
      0.9999999999999999,
      0.9999999999999999,
      0.9999999999999999,
      0.9999999999999999
    ],
    [
      0.9999999999999999,
      0.9999999999999999,
      0.9999999999999999,
      0.9999999999999999,
      0.9999999999999999,
      0.9999999999999999
    ]
  ],
  "average_tau": 0.9999999999999999,
  "minimum_tau": 0.9999999999999999,
  "arch_names": [
    "ResNet",
    "CPPN",
    "MLP",
    "ViT",
    "Uniform"
  ],
  "metric_names": [
    "Original",
    "Additive",
    "TV-only",
    "Compress",
    "LowFreq",
    "Gradient"
  ]
}