{
  "thresholds": [
    0.2,
    0.5,
    0.7
  ],
  "results_by_threshold": {
    "0.2": {
      "threshold": 0.2,
      "baseline_mi": 0.0644931162635079,
      "full_mi": 0.21065189314174704,
      "mi_improvement": 226.62694116753843,
      "baseline_entropy": 2.605388542207534,
      "full_entropy": 2.438721875540867,
      "entropy_reduction": 6.396998526717018,
      "baseline_effective_dim": 4.0,
      "full_effective_dim": 5.0,
      "dim_change": -24.999999999375,
      "baseline_samples_mean": [
        0.03529622979312743,
        -0.00757124491214943,
        0.07560958824048251,
        -1.0391102196738713,
        0.03459326876622033,
        0.024519757272776967
      ],
      "full_samples_mean": [
        0.09166287418896331,
        -0.06455136321828374,
        0.07692874868639006,
        -1.0114711412701565,
        0.047148269342936894,
        0.05036414157944238
      ],
      "baseline_samples_std": [
        0.14669972842742182,
        0.22662964156484858,
        0.07871787653049542,
        0.13857910706574422,
        0.1571779958540847,
        0.1479862942303033
      ],
      "full_samples_std": [
        0.1561870863055167,
        0.22342678776460925,
        0.09811292647828038,
        0.14426808921607398,
        0.14138823010488408,
        0.1733933625657834
      ]
    },
    "0.5": {
      "threshold": 0.5,
      "baseline_mi": 0.0644931162635079,
      "full_mi": 0.21065189314174704,
      "mi_improvement": 226.62694116753843,
      "baseline_entropy": 2.605388542207534,
      "full_entropy": 2.438721875540867,
      "entropy_reduction": 6.396998526717018,
      "baseline_effective_dim": 4.0,
      "full_effective_dim": 5.0,
      "dim_change": -24.999999999375,
      "baseline_samples_mean": [
        0.03529622979312743,
        -0.00757124491214943,
        0.07560958824048251,
        -1.0391102196738713,
        0.03459326876622033,
        0.024519757272776967
      ],
      "full_samples_mean": [
        0.09166287418896331,
        -0.06455136321828374,
        0.07692874868639006,
        -1.0114711412701565,
        0.047148269342936894,
        0.05036414157944238
      ],
      "baseline_samples_std": [
        0.14669972842742182,
        0.22662964156484858,
        0.07871787653049542,
        0.13857910706574422,
        0.1571779958540847,
        0.1479862942303033
      ],
      "full_samples_std": [
        0.1561870863055167,
        0.22342678776460925,
        0.09811292647828038,
        0.14426808921607398,
        0.14138823010488408,
        0.1733933625657834
      ]
    },
    "0.7": {
      "threshold": 0.7,
      "baseline_mi": 0.0644931162635079,
      "full_mi": 0.21065189314174704,
      "mi_improvement": 226.62694116753843,
      "baseline_entropy": 2.605388542207534,
      "full_entropy": 2.438721875540867,
      "entropy_reduction": 6.396998526717018,
      "baseline_effective_dim": 4.0,
      "full_effective_dim": 5.0,
      "dim_change": -24.999999999375,
      "baseline_samples_mean": [
        0.03529622979312743,
        -0.00757124491214943,
        0.07560958824048251,
        -1.0391102196738713,
        0.03459326876622033,
        0.024519757272776967
      ],
      "full_samples_mean": [
        0.09166287418896331,
        -0.06455136321828374,
        0.07692874868639006,
        -1.0114711412701565,
        0.047148269342936894,
        0.05036414157944238
      ],
      "baseline_samples_std": [
        0.14669972842742182,
        0.22662964156484858,
        0.07871787653049542,
        0.13857910706574422,
        0.1571779958540847,
        0.1479862942303033
      ],
      "full_samples_std": [
        0.1561870863055167,
        0.22342678776460925,
        0.09811292647828038,
        0.14426808921607398,
        0.14138823010488408,
        0.1733933625657834
      ]
    }
  },
  "summary": {
    "avg_baseline_mi": 0.0644931162635079,
    "avg_full_mi": 0.21065189314174704,
    "avg_mi_improvement": 226.62694116753843
  }
}