{
  "0.2": {
    "target_percentile": 0.2,
    "baseline_acceptance_rate": 0.29948228093794493,
    "full_acceptance_rate": 0.2538030842290086,
    "acceptance_improvement_pct": -15.252720475015137,
    "baseline_ess_per_iter": 0.0006516127496056566,
    "full_ess_per_iter": 0.0002748280833347631,
    "ess_improvement_pct": -57.82251563483822,
    "baseline_iterations": 65.0,
    "full_iterations": 70.0,
    "iteration_efficiency": 0.9285714284387756,
    "baseline_samples": 1221.125,
    "full_samples": 1413.125,
    "sample_efficiency": 0.8641309155179894,
    "baseline_convergence_iters": 0.0,
    "full_convergence_iters": 0.0,
    "convergence_speedup": 0.0
  },
  "0.5": {
    "target_percentile": 0.5,
    "baseline_acceptance_rate": 0.29948228093794493,
    "full_acceptance_rate": 0.2538030842290086,
    "acceptance_improvement_pct": -15.252720475015137,
    "baseline_ess_per_iter": 0.0006516127496056566,
    "full_ess_per_iter": 0.0002748280833347631,
    "ess_improvement_pct": -57.82251563483822,
    "baseline_iterations": 65.0,
    "full_iterations": 70.0,
    "iteration_efficiency": 0.9285714284387756,
    "baseline_samples": 1221.125,
    "full_samples": 1413.125,
    "sample_efficiency": 0.8641309155179894,
    "baseline_convergence_iters": 0.5,
    "full_convergence_iters": 1.125,
    "convergence_speedup": 0.4444444404938272
  },
  "0.8": {
    "target_percentile": 0.8,
    "baseline_acceptance_rate": 0.29948228093794493,
    "full_acceptance_rate": 0.2538030842290086,
    "acceptance_improvement_pct": -15.252720475015137,
    "baseline_ess_per_iter": 0.0006516127496056566,
    "full_ess_per_iter": 0.0002748280833347631,
    "ess_improvement_pct": -57.82251563483822,
    "baseline_iterations": 65.0,
    "full_iterations": 70.0,
    "iteration_efficiency": 0.9285714284387756,
    "baseline_samples": 1221.125,
    "full_samples": 1413.125,
    "sample_efficiency": 0.8641309155179894,
    "baseline_convergence_iters": 7.75,
    "full_convergence_iters": 8.125,
    "convergence_speedup": 0.9538461526721893
  }
}