{
  "0.04": {
    "threshold": 0.04,
    "baseline_ess_per_iter": 15.958931077558383,
    "full_ess_per_iter": 15.989860860647589,
    "ess_improvement_pct": 0.19380861361898655,
    "baseline_acceptance_rate": 0.42314332468119426,
    "full_acceptance_rate": 0.36371158769186807,
    "acceptance_improvement_pct": -14.045296739485075,
    "baseline_iterations": 63.375,
    "full_iterations": 70.75,
    "iteration_speedup": 0.8957597171878786,
    "baseline_samples": 677.0,
    "full_samples": 1073.125,
    "sample_speedup": 0.6308677926557403,
    "baseline_convergence_iters": 0.0,
    "full_convergence_iters": 0.0,
    "convergence_speedup": 0.0,
    "n_trials": 8
  },
  "0.08": {
    "threshold": 0.08,
    "baseline_ess_per_iter": 15.958931077558383,
    "full_ess_per_iter": 15.989860860647589,
    "ess_improvement_pct": 0.19380861361898655,
    "baseline_acceptance_rate": 0.42314332468119426,
    "full_acceptance_rate": 0.36371158769186807,
    "acceptance_improvement_pct": -14.045296739485075,
    "baseline_iterations": 63.375,
    "full_iterations": 70.75,
    "iteration_speedup": 0.8957597171878786,
    "baseline_samples": 677.0,
    "full_samples": 1073.125,
    "sample_speedup": 0.6308677926557403,
    "baseline_convergence_iters": 0.0,
    "full_convergence_iters": 0.0,
    "convergence_speedup": 0.0,
    "n_trials": 8
  },
  "0.12": {
    "threshold": 0.12,
    "baseline_ess_per_iter": 15.958931077558383,
    "full_ess_per_iter": 15.989860860647589,
    "ess_improvement_pct": 0.19380861361898655,
    "baseline_acceptance_rate": 0.42314332468119426,
    "full_acceptance_rate": 0.36371158769186807,
    "acceptance_improvement_pct": -14.045296739485075,
    "baseline_iterations": 63.375,
    "full_iterations": 70.75,
    "iteration_speedup": 0.8957597171878786,
    "baseline_samples": 677.0,
    "full_samples": 1073.125,
    "sample_speedup": 0.6308677926557403,
    "baseline_convergence_iters": 0.0,
    "full_convergence_iters": 0.0,
    "convergence_speedup": 0.0,
    "n_trials": 8
  }
}