{
  "architecture": "ViT",
  "scheme": "he",
  "n_samples": 5000,
  "tau": 0.1,
  "mean_order": 0.3987883825889444,
  "std_order": 0.3879331988912065,
  "median_order": 0.27364333735021373,
  "max_order": 1.0,
  "pass_count": 2994,
  "pass_rate": 0.5988,
  "tail_bits_estimate": 0.7398538734910327,
  "elapsed_seconds": 25.326306104660034,
  "attention_diagnostics": {
    "logit_abs_max": {
      "mean": 17.96025113761425,
      "std": 4.183302030810241,
      "max": 36.771018981933594,
      "min": 10.17585563659668
    },
    "logit_std": {
      "mean": 2.378121802583337,
      "std": 0.37010784696633214,
      "max": 3.4941134452819824,
      "min": 1.638137698173523
    },
    "attn_max": {
      "mean": 0.3973241545027122,
      "std": 0.1416338617577894,
      "max": 0.8642792701721191,
      "min": 0.15527723729610443
    },
    "attn_min_nonzero": {
      "mean": 5.6862754600598044e-11,
      "std": 4.5196242222086366e-10,
      "max": 4.989654023290768e-09,
      "min": 1.7302770911335478e-30
    },
    "zero_frac": {
      "mean": 0.0,
      "std": 0.0,
      "max": 0.0,
      "min": 0.0
    }
  },
  "completed": true,
  "block_seed": 2076
}