{
  "architecture": "ViT",
  "scheme": "gaussian_0p3",
  "n_samples": 5000,
  "tau": 0.1,
  "mean_order": 0.02024201717363829,
  "std_order": 0.10202332348305777,
  "median_order": 0.004274991775069136,
  "max_order": 1.0,
  "pass_count": 144,
  "pass_rate": 0.0288,
  "tail_bits_estimate": 5.1177873781071375,
  "elapsed_seconds": 24.513311862945557,
  "attention_diagnostics": {
    "logit_abs_max": {
      "mean": 12.255091339349747,
      "std": 1.8097752294897609,
      "max": 19.27496337890625,
      "min": 8.696889877319336
    },
    "logit_std": {
      "mean": 1.9526410643011332,
      "std": 0.26864536033921277,
      "max": 3.087580442428589,
      "min": 1.4593544006347656
    },
    "attn_max": {
      "mean": 0.2470921723288484,
      "std": 0.084761738116075,
      "max": 0.5610145330429077,
      "min": 0.11122222244739532
    },
    "attn_min_nonzero": {
      "mean": 3.111959159805592e-09,
      "std": 5.848268116915392e-09,
      "max": 4.384339291618744e-08,
      "min": 4.60799772295027e-15
    },
    "zero_frac": {
      "mean": 0.0,
      "std": 0.0,
      "max": 0.0,
      "min": 0.0
    }
  },
  "completed": true,
  "block_seed": 76
}