{
  "architecture": "ViT",
  "scheme": "xavier",
  "n_samples": 5000,
  "tau": 0.1,
  "mean_order": 0.5273652805563356,
  "std_order": 0.3183394026054079,
  "median_order": 0.5536673834529091,
  "max_order": 1.0,
  "pass_count": 4255,
  "pass_rate": 0.851,
  "tail_bits_estimate": 0.23276896297612443,
  "elapsed_seconds": 24.694602966308594,
  "attention_diagnostics": {
    "logit_abs_max": {
      "mean": 1.7207447746768594,
      "std": 0.20562717304987774,
      "max": 2.3386380672454834,
      "min": 1.3345465660095215
    },
    "logit_std": {
      "mean": 0.26522858638782054,
      "std": 0.01968329255818173,
      "max": 0.31500008702278137,
      "min": 0.22600655257701874
    },
    "attn_max": {
      "mean": 0.0038145358630572446,
      "std": 0.0006669673171589013,
      "max": 0.0061050052754580975,
      "min": 0.0027268091216683388
    },
    "attn_min_nonzero": {
      "mean": 0.00020407062476124338,
      "std": 4.245056703796875e-05,
      "max": 0.00029401981737464666,
      "min": 8.174775575753301e-05
    },
    "zero_frac": {
      "mean": 0.0,
      "std": 0.0,
      "max": 0.0,
      "min": 0.0
    }
  },
  "completed": true,
  "block_seed": 1076
}