{
  "experiment": "scaling_analysis",
  "sizes": [
    16,
    32,
    64
  ],
  "n_live": 50,
  "n_iterations": 500,
  "timestamp": "2025-12-17T22:05:29.849823",
  "cppn": {
    "16": {
      "bits": 1.2407177351645085,
      "reached": true,
      "n_pixels": 256
    },
    "32": {
      "bits": 2.3083120654223417,
      "reached": true,
      "n_pixels": 1024
    },
    "64": {
      "bits": 6.059319171733647,
      "reached": true,
      "n_pixels": 4096
    }
  },
  "uniform": {
    "16": {
      "bits": 14.426950408889633,
      "reached": false,
      "n_pixels": 256
    },
    "32": {
      "bits": 11.541560327111707,
      "reached": false,
      "n_pixels": 1024
    },
    "64": {
      "bits": 5.7707801635558535,
      "reached": false,
      "n_pixels": 4096
    }
  },
  "hypothesis_supported": false
}