{
  "experiment": "ensemble_averaging",
  "parameters": {
    "n_ensembles": 200,
    "ensemble_sizes": [
      2,
      3,
      5,
      8,
      12
    ],
    "image_size": 32,
    "seed": 42
  },
  "results_by_size": {
    "2": {
      "n_ensembles": 200,
      "individual_order_mean": 0.07130747672413086,
      "individual_order_std": 0.05224689364155963,
      "ensemble_order_mean": 0.059843419014871946,
      "ensemble_order_std": 0.07116686153187592,
      "diff_mean": -0.011464057709258924,
      "diff_std": 0.0767121822510951,
      "t_stat": -2.1081454159500237,
      "p_ttest": 0.036269951999087585,
      "w_stat": 6417.0,
      "p_wilcox": 0.0009641224301594593,
      "cohens_d": -0.14944246627914523,
      "frac_ensemble_better": 0.31,
      "spectral_diff_mean": 0.0033101837684135645,
      "spectral_diff_std": 0.024539755245276403,
      "edge_diff_mean": -0.00146240234375,
      "edge_diff_std": 0.01065382217762322
    },
    "3": {
      "n_ensembles": 200,
      "individual_order_mean": 0.06088063947026006,
      "individual_order_std": 0.043481567355865135,
      "ensemble_order_mean": 0.0645246478367728,
      "ensemble_order_std": 0.07417931702600988,
      "diff_mean": 0.003644008366512733,
      "diff_std": 0.06828736781072915,
      "t_stat": 0.7527755949909676,
      "p_ttest": 0.45247434580094537,
      "w_stat": 9826.0,
      "p_wilcox": 0.784607396740955,
      "cohens_d": 0.053362847087806406,
      "frac_ensemble_better": 0.4,
      "spectral_diff_mean": -0.0003976157306795863,
      "spectral_diff_std": 0.023642593108149448,
      "edge_diff_mean": 0.00032552083333333326,
      "edge_diff_std": 0.010301435809586973
    },
    "5": {
      "n_ensembles": 200,
      "individual_order_mean": 0.0662389642066203,
      "individual_order_std": 0.03515852670707049,
      "ensemble_order_mean": 0.0657929613814796,
      "ensemble_order_std": 0.08266570124163719,
      "diff_mean": -0.00044600282514069446,
      "diff_std": 0.08310681965950509,
      "t_stat": -0.07570550920155779,
      "p_ttest": 0.9397294458515995,
      "w_stat": 8673.0,
      "p_wilcox": 0.09292339995175232,
      "cohens_d": -0.005366621258856995,
      "frac_ensemble_better": 0.365,
      "spectral_diff_mean": 0.0016679100138477787,
      "spectral_diff_std": 0.025622910232495747,
      "edge_diff_mean": -0.00025048828125000006,
      "edge_diff_std": 0.011428767210909773
    },
    "8": {
      "n_ensembles": 200,
      "individual_order_mean": 0.06366791343304064,
      "individual_order_std": 0.0283617858320042,
      "ensemble_order_mean": 0.0679464224116917,
      "ensemble_order_std": 0.07914704330744887,
      "diff_mean": 0.004278508978651066,
      "diff_std": 0.07745103108692508,
      "t_stat": 0.7792768630894251,
      "p_ttest": 0.43674238301481483,
      "w_stat": 9881.0,
      "p_wilcox": 0.8366278446954377,
      "cohens_d": 0.05524147217419477,
      "frac_ensemble_better": 0.42,
      "spectral_diff_mean": -0.0015074414239404877,
      "spectral_diff_std": 0.02701578242200105,
      "edge_diff_mean": 0.00050537109375,
      "edge_diff_std": 0.011264052819692215
    },
    "12": {
      "n_ensembles": 200,
      "individual_order_mean": 0.06249259521008482,
      "individual_order_std": 0.02243289162446061,
      "ensemble_order_mean": 0.06080050238487824,
      "ensemble_order_std": 0.07106391791618775,
      "diff_mean": -0.0016920928252065791,
      "diff_std": 0.07124914286177104,
      "t_stat": -0.3350202652203922,
      "p_ttest": 0.7379626768430836,
      "w_stat": 8768.0,
      "p_wilcox": 0.11775695026704264,
      "cohens_d": -0.023748956931164387,
      "frac_ensemble_better": 0.355,
      "spectral_diff_mean": -0.0012423554815327198,
      "spectral_diff_std": 0.02644395471399054,
      "edge_diff_mean": 0.00034200032552083324,
      "edge_diff_std": 0.011019073362549849
    }
  },
  "summary": {
    "primary_k": 5,
    "primary_cohens_d": -0.005366621258856995,
    "primary_p_value": 0.09292339995175232,
    "primary_frac_better": 0.365,
    "k_effect_correlation": 0.3,
    "all_sizes_significant": false,
    "status": "inconclusive"
  }
}