{
  "experiment": "res008_geometric_structure",
  "hypothesis": "CPPN samples lie on lower-dimensional manifold than compressibility-matched random images",
  "status": "inconclusive",
  "n_matched": 301,
  "n_samples_cppn": 500,
  "n_samples_random_pool": 5000,
  "primary": {
    "dim_cppn": 2.20463963237838,
    "dim_random": 3.0223781431666352,
    "se_cppn": 0.06290364573019178,
    "se_random": 0.35640834548878897,
    "difference": 0.8177385107882551,
    "z_statistic": 2.259465402358574,
    "p_value": 0.01192722504126309,
    "cohens_d": 3.195366615728278,
    "ci_95_low": -0.4834744593349094,
    "ci_95_high": 132.39291229141116
  },
  "by_k": {
    "5": {
      "dim_cppn": 2.583902472502069,
      "se_cppn": 0.09399382321903704,
      "dim_random": 5.455127318186259,
      "se_random": 0.7091336721394065
    },
    "10": {
      "dim_cppn": 2.20463963237838,
      "se_cppn": 0.06290364573019178,
      "dim_random": 3.0223781431666352,
      "se_random": 0.35640834548878897
    },
    "15": {
      "dim_cppn": 2.1396641327497723,
      "se_cppn": 0.06700259954922329,
      "dim_random": 2.312970962448692,
      "se_random": 0.10142675706510994
    }
  },
  "success_criteria": {
    "p_value_lt_001": false,
    "cohens_d_gt_05": true,
    "ci_excludes_zero": false,
    "stable_across_k": true
  }
}