{
  "by_kernel": {
    "1": {
      "bits": -0.0,
      "structure": 0.9854257652437014,
      "best_psnr": 14.527332782745361,
      "noisy_psnr": 18.561270236968994,
      "gap": -4.033937454223633,
      "best_iter": 112
    },
    "3": {
      "bits": -0.0,
      "structure": 0.8273231547284465,
      "best_psnr": 25.930120944976807,
      "noisy_psnr": 18.6890709400177,
      "gap": 7.2410500049591064,
      "best_iter": 62
    },
    "5": {
      "bits": -0.0,
      "structure": 0.7820399658138438,
      "best_psnr": 28.56663703918457,
      "noisy_psnr": 18.680626153945923,
      "gap": 9.886010885238647,
      "best_iter": 194
    },
    "7": {
      "bits": -0.0,
      "structure": 0.8022503697549117,
      "best_psnr": 30.401384830474854,
      "noisy_psnr": 18.582431077957153,
      "gap": 11.8189537525177,
      "best_iter": 299
    },
    "9": {
      "bits": -0.0,
      "structure": 0.851747170475322,
      "best_psnr": 29.536030292510986,
      "noisy_psnr": 18.572163581848145,
      "gap": 10.963866710662842,
      "best_iter": 299
    },
    "11": {
      "bits": -0.0,
      "structure": 0.8657031641079456,
      "best_psnr": 15.860627889633179,
      "noisy_psnr": 18.596363067626953,
      "gap": -2.7357351779937744,
      "best_iter": 266
    },
    "13": {
      "bits": -0.0,
      "structure": 0.8848985233029005,
      "best_psnr": 14.769043922424316,
      "noisy_psnr": 18.703547716140747,
      "gap": -3.9345037937164307,
      "best_iter": 292
    },
    "15": {
      "bits": -0.0,
      "structure": 0.8971104721111256,
      "best_psnr": 18.032240867614746,
      "noisy_psnr": 18.508297204971313,
      "gap": -0.4760563373565674,
      "best_iter": 299
    }
  },
  "correlations": {
    "neg_bits_vs_psnr": {
      "r": NaN,
      "p": NaN
    },
    "structure_vs_psnr": {
      "r": -0.7949301240173596,
      "p": 0.01837988866932116
    },
    "neg_bits_vs_gap": {
      "r": NaN,
      "p": NaN
    }
  }
}