{
  "n_samples": 4500,
  "threshold_quartiles": [
    0.12136494978581452,
    0.2058669067356291,
    0.27827418592069914
  ],
  "low_order": {
    "mean": 0.06422678466723777,
    "std": 0.0677123906641043,
    "n": 1125
  },
  "mid_order": {
    "mean": 0.022522026337233818,
    "std": 0.03686720898030556,
    "n": 2250
  },
  "high_order": {
    "mean": 0.01763340413672128,
    "std": 0.027222136216368514,
    "n": 1125
  },
  "cohens_d": -0.902896826272034,
  "t_stat": -21.404558989555632,
  "p_value": 9.312772720738115e-89,
  "spearman_rho": -0.2658173970815256,
  "spearman_p": 1.189799764126901e-73,
  "pearson_r": -0.35783642563842877,
  "pearson_p": 4.898904296245317e-136,
  "iteration_spearman": -0.27056820569341467,
  "iteration_spearman_p": 2.4319085537213767e-76,
  "early_mean": 0.05547252285337559,
  "late_mean": 0.01886169050190292,
  "hypothesis_validated": false
}