{
  "cppn": {
    "mean": 1.9130136242187656,
    "std": 0.22721416374175074,
    "ci_95_low": 1.5566679491191917,
    "ci_95_high": 2.2946064625338964,
    "raw": [
      1.9620652556089904,
      1.817795751520094,
      1.7023801482489769,
      1.644672346613418,
      1.6158184457956393,
      1.933211354791211,
      2.019773057244549,
      1.5292567433423014,
      2.019773057244549,
      2.048626958062328,
      1.7023801482489769,
      1.8755035531556525,
      2.2794581646045624,
      2.135188660515666,
      2.3083120654223417,
      2.1063347596978867,
      1.8755035531556525,
      1.8755035531556525,
      1.58696454497786,
      2.221750362969004
    ],
    "time_seconds": 3.3501029014587402
  },
  "uniform": {
    "mean": 17.359949427016897,
    "std": 1.1585937071678436,
    "n_reached": 0,
    "n_total": 20,
    "raw": [
      17.283486589849783,
      18.495350424196513,
      17.081509284125328,
      20.053461068356594,
      16.908385879218653,
      17.254632689032004,
      17.947126308658703,
      17.283486589849783,
      15.090590127698558,
      16.908385879218653,
      15.754229846507481,
      15.696522044871923,
      17.081509284125328,
      16.994947581671987,
      16.706408573494198,
      18.322227019289834,
      19.043574539734315,
      17.05265538330755,
      18.9281589364632,
      17.312340490667562
    ],
    "time_seconds": 1294.962755203247
  },
  "analysis": {
    "gap_bits": 15.446935802798132,
    "gap_efficiency_ratio": 44667.4353747807,
    "gap_order_of_magnitude": 4.649527676642237
  },
  "config": {
    "n_runs": 20,
    "n_workers": 14,
    "cppn_iterations": 500,
    "uniform_iterations": 2500,
    "n_live": 50,
    "threshold": 0.1,
    "seeds": [
      42,
      43,
      44,
      45,
      46,
      47,
      48,
      49,
      50,
      51,
      52,
      53,
      54,
      55,
      56,
      57,
      58,
      59,
      60,
      61
    ],
    "cppn_architecture": "4 inputs (x,y,r,bias) -> 1 sigmoid output, 5 params"
  }
}