{
  "n_samples": 500,
  "depth": 4,
  "mean_velocity_corr": -0.08190541308818544,
  "mean_velocity_p": 0.06725705916655284,
  "max_velocity_corr": -0.0901414755837943,
  "max_velocity_p": 0.043937895648819496,
  "trend_corr": -0.09543551606682898,
  "trend_p": 0.032880973016594824,
  "cohens_d": -0.17936091837671364,
  "high_order_mean_vel": 1.7078084841678423,
  "low_order_mean_vel": 1.7707721605428053,
  "order_range": [
    0.004147380080290953,
    1.0
  ],
  "velocity_range": [
    0.9355914500327202,
    3.0271323255732194
  ]
}