{
  "timestamp": "2025-12-18T00:19:36.819988",
  "parameters": {
    "n_samples": 500,
    "image_size": 32,
    "seed": 42,
    "n_schemes": 10
  },
  "scheme_results": {
    "normal": {
      "order_mean": 0.06839639535782935,
      "order_std": 0.07683125031614993,
      "order_median": 0.031511066376106456,
      "order_q25": 0.004274991775069136,
      "order_q75": 0.1227738556907669,
      "edge_density_mean": 0.0125263671875,
      "spectral_coherence_mean": 0.9702448183973045,
      "conn_l2_mean": 1.8404750781943258,
      "bias_l2_mean": 0.7990742216419067,
      "ratio_mean": 13.939206548736122
    },
    "uniform": {
      "order_mean": 0.06448167544211045,
      "order_std": 0.07367024233475818,
      "order_median": 0.023995618508075318,
      "order_q25": 0.004274991775069136,
      "order_q75": 0.11470251702723427,
      "edge_density_mean": 0.0121318359375,
      "spectral_coherence_mean": 0.9704966564993256,
      "conn_l2_mean": 1.9330658917881451,
      "bias_l2_mean": 0.8587034046461547,
      "ratio_mean": 34.378659733496725
    },
    "xavier": {
      "order_mean": 0.06315783177961379,
      "order_std": 0.07317414935384028,
      "order_median": 0.025736806537160286,
      "order_q25": 0.004274991775069136,
      "order_q75": 0.1093627429426763,
      "edge_density_mean": 0.0119619140625,
      "spectral_coherence_mean": 0.9711017519780244,
      "conn_l2_mean": 1.198898608422997,
      "bias_l2_mean": 0.5219138103664499,
      "ratio_mean": 17.78789842995337
    },
    "he": {
      "order_mean": 0.0640865679089935,
      "order_std": 0.07495016393071402,
      "order_median": 0.02483818434066408,
      "order_q25": 0.004274991775069136,
      "order_q75": 0.11910854460123452,
      "edge_density_mean": 0.0119521484375,
      "spectral_coherence_mean": 0.9713770709051154,
      "conn_l2_mean": 1.3430851279707035,
      "bias_l2_mean": 0.568845008108478,
      "ratio_mean": 9.11368704702401
    },
    "lecun": {
      "order_mean": 0.05808629515291672,
      "order_std": 0.07059334013152752,
      "order_median": 0.01728596427998215,
      "order_q25": 0.004274991775069136,
      "order_q75": 0.10239724157492544,
      "edge_density_mean": 0.0111025390625,
      "spectral_coherence_mean": 0.9730241973977373,
      "conn_l2_mean": 0.9288328162843091,
      "bias_l2_mean": 0.3810516724788837,
      "ratio_mean": 30.614643972055266
    },
    "sparse": {
      "order_mean": 0.05358493517563255,
      "order_std": 0.07735530986173261,
      "order_median": 0.004274991775069136,
      "order_q25": 0.004147380080290953,
      "order_q75": 0.06717622145979836,
      "edge_density_mean": 0.010283203125,
      "spectral_coherence_mean": 0.9766384547630792,
      "conn_l2_mean": 1.7525866402701535,
      "bias_l2_mean": 0.5529797164940241,
      "ratio_mean": 9079037902.487955
    },
    "small": {
      "order_mean": 0.06360348205032162,
      "order_std": 0.07273878498667218,
      "order_median": 0.02419004262642975,
      "order_q25": 0.004274991775069136,
      "order_q75": 0.11042651738541286,
      "edge_density_mean": 0.011990234375,
      "spectral_coherence_mean": 0.9716052781340986,
      "conn_l2_mean": 0.18682917199166973,
      "bias_l2_mean": 0.0801067495662331,
      "ratio_mean": 14.978517294648402
    },
    "large": {
      "order_mean": 0.06652263064079511,
      "order_std": 0.07677742060141188,
      "order_median": 0.03051838963034459,
      "order_q25": 0.004274991775069136,
      "order_q75": 0.11771354564341277,
      "edge_density_mean": 0.0125654296875,
      "spectral_coherence_mean": 0.9704426484312416,
      "conn_l2_mean": 5.655009293067171,
      "bias_l2_mean": 2.430066677710047,
      "ratio_mean": 12.492767061510984
    },
    "bias_heavy": {
      "order_mean": 0.016353456404414046,
      "order_std": 0.036785729874923324,
      "order_median": 0.004274991775069136,
      "order_q25": 0.004147380080290953,
      "order_q75": 0.004274991775069136,
      "edge_density_mean": 0.00283984375,
      "spectral_coherence_mean": 0.992730841763079,
      "conn_l2_mean": 0.5467692170295784,
      "bias_l2_mean": 1.6987398116374488,
      "ratio_mean": 2.541968271128698
    },
    "connection_heavy": {
      "order_mean": 0.07655504465012182,
      "order_std": 0.07752312867205485,
      "order_median": 0.052989948493902234,
      "order_q25": 0.004274991775069136,
      "order_q75": 0.13626048804997648,
      "edge_density_mean": 0.0138505859375,
      "spectral_coherence_mean": 0.9668722507824223,
      "conn_l2_mean": 3.63561400904077,
      "bias_l2_mean": 0.22759166546749385,
      "ratio_mean": 58.02274274104201
    }
  },
  "statistical_tests": {
    "kruskal_wallis_H": 350.6647078516723,
    "kruskal_wallis_p": 4.474097122043562e-70,
    "n_pairwise_tests": 45,
    "bonferroni_alpha": 0.00022222222222222223,
    "n_significant_pairs": 14,
    "n_large_effect_pairs": 9
  },
  "baseline_comparisons": [
    {
      "scheme": "uniform",
      "U": 128199.0,
      "p_value": 0.4811466528858369,
      "cohens_d": 0.052010869407794764,
      "significant": false
    },
    {
      "scheme": "xavier",
      "U": 129657.0,
      "p_value": 0.30473776857954804,
      "cohens_d": 0.06982425222435573,
      "significant": false
    },
    {
      "scheme": "he",
      "U": 128918.5,
      "p_value": 0.3875783362260653,
      "cohens_d": 0.05678556253074618,
      "significant": false
    },
    {
      "scheme": "lecun",
      "U": 134839.5,
      "p_value": 0.030004260985236692,
      "cohens_d": 0.13974443721869223,
      "significant": false
    },
    {
      "scheme": "sparse",
      "U": 145173.5,
      "p_value": 8.06544533461778e-06,
      "cohens_d": 0.1921227711866328,
      "significant": true
    },
    {
      "scheme": "small",
      "U": 130184.5,
      "p_value": 0.25291586375564257,
      "cohens_d": 0.06406524117791461,
      "significant": false
    },
    {
      "scheme": "large",
      "U": 127087.0,
      "p_value": 0.645661898877628,
      "cohens_d": 0.02439659933712004,
      "significant": false
    },
    {
      "scheme": "bias_heavy",
      "U": 188692.0,
      "p_value": 1.3018851300525364e-46,
      "cohens_d": 0.8640149610217773,
      "significant": true
    },
    {
      "scheme": "connection_heavy",
      "U": 117300.5,
      "p_value": 0.09018526338634567,
      "cohens_d": -0.10571215892863096,
      "significant": false
    }
  ],
  "pairwise_results": [
    {
      "pair": "normal_vs_uniform",
      "scheme1": "normal",
      "scheme2": "uniform",
      "U": 128199.0,
      "p_value": 0.4811466528858369,
      "cohens_d": 0.052010869407794764,
      "significant": false
    },
    {
      "pair": "normal_vs_xavier",
      "scheme1": "normal",
      "scheme2": "xavier",
      "U": 129657.0,
      "p_value": 0.30473776857954804,
      "cohens_d": 0.06982425222435573,
      "significant": false
    },
    {
      "pair": "normal_vs_he",
      "scheme1": "normal",
      "scheme2": "he",
      "U": 128918.5,
      "p_value": 0.3875783362260653,
      "cohens_d": 0.05678556253074618,
      "significant": false
    },
    {
      "pair": "normal_vs_lecun",
      "scheme1": "normal",
      "scheme2": "lecun",
      "U": 134839.5,
      "p_value": 0.030004260985236692,
      "cohens_d": 0.13974443721869223,
      "significant": false
    },
    {
      "pair": "normal_vs_sparse",
      "scheme1": "normal",
      "scheme2": "sparse",
      "U": 145173.5,
      "p_value": 8.06544533461778e-06,
      "cohens_d": 0.1921227711866328,
      "significant": true
    },
    {
      "pair": "normal_vs_small",
      "scheme1": "normal",
      "scheme2": "small",
      "U": 130184.5,
      "p_value": 0.25291586375564257,
      "cohens_d": 0.06406524117791461,
      "significant": false
    },
    {
      "pair": "normal_vs_large",
      "scheme1": "normal",
      "scheme2": "large",
      "U": 127087.0,
      "p_value": 0.645661898877628,
      "cohens_d": 0.02439659933712004,