{
  "hypothesis": "Weight initialization distribution affects max order achievable",
  "domain": "initialization_effects",
  "method": "Create CPPNs from different weight distributions, measure order via nested sampling",
  "normal": [
    0.2727844246589078,
    0.2655536234832545,
    0.3965317345352017,
    0.28017730732902735,
    0.2605835740202445,
    0.3810920211791318,
    0.3833422643441376,
    0.33023210318728397,
    0.3187113412752604,
    0.3504591375932278,
    0.35761626412298736,
    0.3548040375147548
  ],
  "uniform": [
    0.2727844246589078,
    0.2655536234832545,
    0.3965317345352017,
    0.28017730732902735,
    0.2605835740202445,
    0.3810920211791318,
    0.3833422643441376,
    0.33023210318728397,
    0.3187113412752604,
    0.3504591375932278,
    0.35761626412298736,
    0.3548040375147548
  ],
  "gamma": [
    0.2727844246589078,
    0.2655536234832545,
    0.3965317345352017,
    0.28017730732902735,
    0.2605835740202445,
    0.3810920211791318,
    0.3833422643441376,
    0.33023210318728397,
    0.3187113412752604,
    0.3504591375932278,
    0.35761626412298736,
    0.3548040375147548
  ],
  "exponential": [
    0.2727844246589078,
    0.2655536234832545,
    0.3965317345352017,
    0.28017730732902735,
    0.2605835740202445,
    0.3810920211791318,
    0.3833422643441376,
    0.33023210318728397,
    0.3187113412752604,
    0.3504591375932278,
    0.35761626412298736,
    0.3548040375147548
  ],
  "statistics": {
    "h_statistic": 0.0,
    "p_value": 1.0,
    "eta_squared": 0.0,
    "status": "refuted",
    "runtime_minutes": 0.30430879990259807
  }
}