{
  "experiment": "RES-215",
  "hypothesis": "Bits-to-threshold shows sub-linear-to-super-linear transition between order 0.3 and 0.7",
  "targets": [
    0.2,
    0.3,
    0.5,
    0.7,
    0.9
  ],
  "results_by_threshold": {
    "0.2": {
      "effort": [
        0.0,
        0.0,
        0.7078192485066896,
        0.0,
        0.0,
        0.0,
        0.0,
        0.04730571477835682,
        0.0,
        0.0,
        0.0,
        0.13750352374993502,
        0.0,
        0.0,
        0.09310940439148145,
        0.0,
        0.0,
        0.0,
        0.0,
        0.0
      ],
      "samples": [
        14,
        15,
        49,
        1,
        4,
        8,
        2,
        31,
        20,
        1,
        21,
        33,
        3,
        5,
        32,
        6,
        5,
        10,
        12,
        24
      ],
      "mean_effort": 0.049286894571323146,
      "std_effort": 0.1552801564765049,
      "n_success": 20
    },
    "0.3": {
      "effort": [
        0.04730571477835682,
        0.6166713604484945,
        0.6476982560691188,
        0.0,
        0.0,
        0.0,
        0.0,
        0.5525410230287786
      ],
      "samples": [
        31,
        46,
        47,
        8,
        6,
        20,
        18,
        44
      ],
      "mean_effort": 0.23302704429059357,
      "std_effort": 0.29002654695869506,
      "n_success": 8
    }
  },
  "scaling_analysis": {
    "thresholds": [],
    "exponents": [],
    "r_squared": []
  },
  "effect_size": 0.0,
  "status": "INCONCLUSIVE"
}