{
  "experiment": "RES-215",
  "hypothesis": "Scaling exponent changes across percentiles (phase transition)",
  "method": "Power law fit to effort vs percentile",
  "order_distribution": {
    "n_samples": 500,
    "mean": 0.06256632232871231,
    "std": 0.07319697127761009,
    "range": [
      0.004147380080290953,
      0.37413693756790517
    ]
  },
  "percentiles": [
    5.0,
    10.0,
    15.0,
    20.0,
    25.0,
    30.0,
    35.0,
    40.0,
    45.0,
    50.0,
    55.0,
    60.0,
    65.0,
    70.0,
    75.0,
    80.0,
    85.0,
    90.0,
    95.0
  ],
  "threshold_values": [
    0.004147380080290953,
    0.004147380080290953,
    0.004147380080290953,
    0.004274991775069136,
    0.004274991775069136,
    0.004274991775069136,
    0.004274991775069136,
    0.0068683348349292545,
    0.014246197441793416,
    0.022169800273647886,
    0.040560748782455955,
    0.05149261844999637,
    0.07168403078531836,
    0.09189251731406278,
    0.11188601440045011,
    0.13196861502668356,
    0.1544809049976421,
    0.1796230121599662,
    0.20427268008836072
  ],
  "sample_counts": [
    1.0,
    1.0,
    1.0,
    1.16,
    1.16,
    1.34,
    1.32,
    1.67,
    1.83,
    1.8,
    2.34,
    2.32,
    2.78,
    2.94,
    4.85,
    5.17,
    7.01,
    11.14,
    18.25
  ],
  "power_law": {
    "global_slope": 0.8381371663330722,
    "global_r_squared": 0.6289472440051724,
    "low_slope": 0.2836986846432363,
    "low_slope_se": 0.057900785509512796,
    "high_slope": 3.6709626194331655,
    "high_slope_se": 0.4937539552466119,
    "transition_magnitude": 3.3872639347899294,
    "p_value": 0.00022138801925897234
  },
  "effect_size": 3.3872639347899294,
  "status": "VALIDATED"
}