{
  "nested_sampling": {
    "n_iterations": 16,
    "acceptance_rate_mean": 1.0,
    "acceptance_rate_final": 1.0,
    "bracket_shrink_mean": 0.0,
    "bracket_shrink_max": 0,
    "weight_correlation_mean": -0.07826881756385168,
    "final_bits": 0.43280851226668904
  },
  "brute_force": [
    {
      "threshold": 0.01,
      "n_samples": 5000,
      "n_above": 5000,
      "fraction": 1.0,
      "bits_brute_force": -0.0,
      "score_mean": 0.5178063759758011,
      "score_std": 0.027424933208334213
    },
    {
      "threshold": 0.02,
      "n_samples": 5000,
      "n_above": 5000,
      "fraction": 1.0,
      "bits_brute_force": -0.0,
      "score_mean": 0.5177557366966601,
      "score_std": 0.027387612391036348
    },
    {
      "threshold": 0.05,
      "n_samples": 5000,
      "n_above": 5000,
      "fraction": 1.0,
      "bits_brute_force": -0.0,
      "score_mean": 0.5181640923360936,
      "score_std": 0.02734653952048367
    },
    {
      "threshold": 0.1,
      "n_samples": 5000,
      "n_above": 5000,
      "fraction": 1.0,
      "bits_brute_force": -0.0,
      "score_mean": 0.5176509624307285,
      "score_std": 0.027772878147761686
    }
  ],
  "diagnostics": {
    "iterations": [
      0,
      1,
      2,
      3,
      4,
      5,
      6,
      7,
      8,
      9,
      10,
      11,
      12,
      13,
      14,
      15
    ],
    "thresholds": [
      0.42381818172315416,
      0.4705395234076452,
      0.47061883150670375,
      0.4743362256739045,
      0.4763588348357439,
      0.477001615495083,
      0.4843268957737879,
      0.48604757161121287,
      0.4881380729688459,
      0.49036365570544443,
      0.4904046152732706,
      0.49055798367260983,
      0.4920257042303792,
      0.493296090646616,
      0.4941348077221327,
      0.4960770266223482
    ],
    "bits": [
      -0.0,
      0.02885390081777927,
      0.05770780163555854,
      0.0865617024533378,
      0.11541560327111708,
      0.14426950408889636,
      0.17312340490667563,
      0.2019773057244549,
      0.23083120654223416,
      0.25968510736001343,
      0.28853900817779266,
      0.31739290899557193,
      0.34624680981335115,
      0.37510071063113043,
      0.4039546114489097,
      0.43280851226668904
    ],
    "acceptance_rates": [
      1.0,
      1.0,
      1.0,
      1.0,
      1.0,
      1.0,
      1.0,
      1.0,
      1.0,
      1.0,
      1.0,
      1.0,
      1.0,
      1.0,
      1.0,
      1.0
    ],
    "bracket_shrinks": [
      0,
      0,
      0,
      0,
      0,
      0,
      0,
      0,
      0,
      0,
      0,
      0,
      0,
      0,
      0,
      0
    ],
    "weight_correlations": [
      0.0,
      -0.06574375927448273,
      -0.11804240942001343,
      -0.02069723978638649,
      -0.13045179843902588,
      -0.029219552874565125,
      -0.1553763747215271,
      -0.2489851713180542,
      -0.06752263009548187,
      0.09640423208475113,
      -0.04731784388422966,
      0.028945177793502808,
      -0.09646694362163544,
      -0.0888039842247963,
      -0.18274462223052979,
      -0.048009343445301056
    ]
  }
}