{
  "hypothesis": "Network learns sparse interaction selection; gated combinations outperform fixed full set",
  "strategies": {
    "uniform": {
      "mean_order": 0.9450609901787728,
      "std_order": 0.0365726886682699,
      "mean_iterations": 1.0,
      "orders": [
        0.9341591643466611,
        0.9179636449209326,
        0.9765359886492773,
        0.9992264749408943,
        0.9123871639920641,
        0.8979991004596443,
        0.9534240258439733,
        0.889685849238419,
        0.9115072397244872,
        0.9990082351147466,
        0.9991421412255383,
        0.9912578835233179,
        0.9502311972157327,
        0.9144146094252867,
        0.9931229310083857,
        0.9607032229748929,
        0.9364837669489199,
        0.9448497008805409,
        0.8964302460862495,
        0.9226872170554878
      ]
    },
    "learned": {
      "mean_order": 0.9450282230159981,
      "std_order": 0.042165056453749995,
      "mean_iterations": 1.0,
      "orders": [
        0.9858301862777703,
        0.9575165987696361,
        0.8849991948846425,
        0.9464882129524066,
        0.9785193955599274,
        0.8779628092116278,
        0.8935421846108005,
        0.9704561797684588,
        0.9939477189719208,
        0.9724401497312325,
        0.9019504934811486,
        0.9775544886492963,
        0.9701141288149262,
        0.903830828470673,
        0.8657812111641316,
        0.9623558117761858,
        0.9957096704402291,
        0.9868195211240598,
        0.9675164057829808,
        0.9072292698779121
      ]
    },
    "adaptive": {
      "mean_order": 0.9333898545064407,
      "std_order": 0.03714573414085203,
      "mean_iterations": 1.0,
      "orders": [
        0.9977938311860074,
        0.8939479538595746,
        0.9449295924130531,
        0.9494146624041054,
        0.9055962869005509,
        0.9418396684635146,
        0.999055492746491,
        0.9151409461550599,
        0.986496589983894,
        0.9556237835596748,
        0.8827662513686703,
        0.939416331793405,
        0.905668270754811,
        0.9728721206719949,
        0.9059096399442692,
        0.8854267663742259,
        0.9739628748959276,
        0.8863104368145098,
        0.910867720975336,
        0.9147578688637397
      ]
    }
  },
  "comparison": {
    "baseline_order": 0.9450609901787728,
    "uniform_gating_order": 0.9450609901787728,
    "learned_gating_order": 0.9450282230159981,
    "adaptive_gating_order": 0.9333898545064407,
    "learned_vs_uniform_ratio": 0.9999653174104438,
    "adaptive_vs_uniform_ratio": 0.9876503784727925,
    "learned_active_gates_mean": 0.5,
    "learned_active_gates_std": 0.6708203932499369,
    "top_learned_terms": [
      "x/y",
      "x*y",
      "x-y"
    ],
    "top_learned_values": [
      0.1278817229407331,
      0.12758464035980738,
      0.12741575827536883
    ],
    "status": "validated",
    "summary": "Learning works: 1.00\u00d7 improvement with learned sparsity. Top 3 terms: x/y, x*y, x-y. Active gates: 0.5/8.",
    "gate_std": 0.002898754809623428,
    "adaptive_vs_learned_ratio": 0.987684623482185,
    "best_strategy": "uniform"
  }
}