{
  "config": {
    "n_cppns": 100
  },
  "analysis": {
    "summary": {
      "n_cppns_tested": 100,
      "speedup_mean": 117.05991246691454,
      "speedup_std": 70.75909287175377,
      "speedup_min": 0.39215686274509803,
      "speedup_max": 483.8709677419355
    },
    "variance_explained": {
      "r_squared_train": 0.784839685543171,
      "r_squared_cv": -0.1967458679436723,
      "cv_std": 0.256565942609316,
      "cv_scores": [
        -0.02931507740285877,
        -0.2583670617633209,
        -0.015123962427366244,
        -0.006541551843069371,
        -0.6743816862817462
      ]
    },
    "model_type": "RandomForest (100 trees, depth=8, 3 features)",
    "feature_importance": {
      "stage1_budget": 0.223709789015388,
      "strategy_decay": 0.1436492098841496,
      "cppn_id": 0.6326410011004625
    },
    "speedups": [
      99.66777408637874,
      99.66777408637874,
      99.33774834437087,
      99.33774834437087,
      99.00990099009901,
      99.00990099009901,
      99.66777408637874,
      99.66777408637874,
      99.33774834437087,
      99.33774834437087,
      99.00990099009901,
      99.00990099009901,
      99.66777408637874,
      135.74660633484163,
      122.95081967213115,
      99.33774834437087,
      117.6470588235294,
      99.00990099009901,
      99.66777408637874,
      99.66777408637874,
      99.33774834437087,
      99.33774834437087,
      99.00990099009901,
      99.00990099009901,
      99.66777408637874,
      99.66777408637874,
      99.33774834437087,
      99.33774834437087,
      99.00990099009901,
      99.00990099009901,
      99.66777408637874,
      99.66777408637874,
      99.33774834437087,
      99.33774834437087,
      99.00990099009901,
      99.00990099009901,
      99.66777408637874,
      209.7902097902098,
      99.33774834437087,
      99.33774834437087,
      99.00990099009901,
      99.00990099009901,
      99.66777408637874,
      99.66777408637874,
      99.33774834437087,
      99.33774834437087,
      99.00990099009901,
      99.00990099009901,
      99.66777408637874,
      99.66777408637874,
      99.33774834437087,
      99.33774834437087,
      99.00990099009901,
      99.00990099009901,
      172.41379310344828,
      99.66777408637874,
      99.33774834437087,
      99.33774834437087,
      99.00990099009901,
      99.00990099009901,
      99.66777408637874,
      99.66777408637874,
      99.33774834437087,
      99.33774834437087,
      99.00990099009901,
      99.00990099009901,
      99.66777408637874,
      99.66777408637874,
      99.33774834437087,
      99.33774834437087,
      99.00990099009901,
      99.00990099009901,
      99.66777408637874,
      99.66777408637874,
      99.33774834437087,
      99.33774834437087,
      99.00990099009901,
      99.00990099009901,
      99.66777408637874,
      99.66777408637874,
      99.33774834437087,
      102.04081632653062,
      99.00990099009901,
      99.00990099009901,
      99.66777408637874,
      99.66777408637874,
      99.33774834437087,
      99.33774834437087,
      99.00990099009901,
      99.00990099009901,
      99.66777408637874,
      99.66777408637874,
      99.33774834437087,
      99.33774834437087,
      99.00990099009901,
      99.00990099009901,
      99.66777408637874,
      99.66777408637874,
      99.33774834437087,
      99.33774834437087,
      99.00990099009901,
      99.00990099009901,
      99.66777408637874,
      99.66777408637874,
      99.33774834437087,
      99.33774834437087,
      99.00990099009901,
      99.00990099009901,
      99.66777408637874,
      99.66777408637874,
      99.33774834437087,
      99.33774834437087,
      99.00990099009901,
      99.00990099009901,
      133.33333333333334,
      99.66777408637874,
      99.33774834437087,
      99.33774834437087,
      99.00990099009901,
      99.00990099009901,
      99.66777408637874,
      99.66777408637874,
      99.33774834437087,
      99.33774834437087,
      99.00990099009901,
      99.00990099009901,
      99.66777408637874,
      99.66777408637874,
      99.33774834437087,
      99.33774834437087,
      99.00990099009901,
      99.00990099009901,
      99.66777408637874,
      99.66777408637874,
      99.33774834437087,
      99.33774834437087,
      99.00990099009901,
      99.00990099009901,
      99.66777408637874,
      99.66777408637874,
      99.33774834437087,
      99.33774834437087,
      99.00990099009901,
      99.00990099009901,
      91.0299003322259,
      91.0299003322259,
      90.72847682119205,
      90.72847682119205,
      90.42904290429043,
      90.42904290429043,
      99.66777408637874,
      99.66777408637874,
      99.33774834437087,
      99.33774834437087,
      99.00990099009901,
      99.00990099009901,
      0.9966777408637874,
      0.9966777408637874,
      3.6144578313253013,
      2.803738317757009,
      0.9900990099009901,
      4.411764705882353,
      99.66777408637874,
      99.66777408637874,
      99.33774834437087,
      99.33774834437087,
      99.00990099009901,
      99.00990099009901,
      99.66777408637874,
      99.66777408637874,
      99.33774834437087,
      99.33774834437087,
      99.00990099009901,
      99.00990099009901,
      99.66777408637874,
      99.66777408637874,
      99.33774834437087,
      179.64071856287424,
      101.35135135135135,
      99.00990099009901,
      59.800664451827245,
      59.800664451827245,
      59.602649006622514,
      81.08108108108108,
      84.50704225352112,
      59.40594059405941,
      0.33222591362126247,
      0.33222591362126247,
      0.33112582781456956,
      0.33112582781456956,
      0.39215686274509803,
      0.33003300330033003,
      99.66777408637874,
      99.66777408637874,
      99.33774834437087,
      99.33774834437087,
      99.00990099009901,
      99.00990099009901,
      99.66777408637874,
      99.66777408637874,
      99.33774834437087,
      99.33774834437087,
      99.00990099009901,
      99.00990099009901,
      99.66777408637874,
      99.66777408637874,
      99.33774834437087,
      99.33774834437087,
      99.00990099009901,
      99.00990099009901,
      99.66777408637874,
      99.66777408637874,
      99.33774834437087,
      99.33774834437087,
      99.33774834437087,
      99.00990099009901,
      99.66777408637874,
      99.66777408637874,
      99.33774834437087,
      99.33774834437087,
      99.00990099009901,
      99.00990099009901,
      24.390243902439025,
      17.54385964912281,
      7.2202166064981945,
      31.25,
      6.600660066006601,
      18.34862385321101,
      99.66777408637874,
      99.66777408637874,
      99.33774834437087,
      99.33774834437087,
      99.00990099009901,
      99.00990099009901,
      99.33554817275747,
      99.33554817275747,
      99.00662251655629,
      99.00662251655629,
      98.67986798679868,
      98.67986798679868,
      99.66777408637874,
      99.66777408637874,
      99.33774834437087,
      99.33774834437087,
      99.00990099009901,
      99.00990099009901,
      99.66777408637874,
      99.66777408637874,
      99.33774834437087,
      99.33774834437087,
      99.00990099009901,
      99.00990099009901,
      99.66777408637874,
      99.66777408637874,
      99.33774834437087,
      99.33774834437087,
      99.00990099009901,
      99.00990099009901,
      99.66777408637874,
      99.66777408637874,
      99.33774834437087,
      99.33774834437087,
      118.57707509881423,
      99.00990099009901,
      99.66777408637874,
      99.66777408637874,
      99.33774834437087,
      99.33774834437087,
      99.00990099009901,
      99.00990099009901,
      99.66777408637874,
      99.66777408637874,
      99.33774834437087,
      99.33774834437087,
      99.00990099009901,
      99.00990099009901,
      58.13953488372093,
      58.13953488372093,
      57.94701986754967,
      57.94701986754967,
      57.755775577557756,
      57.755775577557756,
      99.66777408637874,
      99.66777408637874,
      99.33774834437087,
