{
  "config": {
    "n_cppns": 10
  },
  "analysis": {
    "summary": {
      "n_cppns_tested": 10,
      "speedup_mean": 93.5471505238947,
      "speedup_std": 18.361870687452086,
      "speedup_min": 38.46153846153846,
      "speedup_max": 99.66777408637874
    },
    "variance_explained": {
      "r_squared_train": -0.0013768625305814464,
      "r_squared_cv": -2864.422844144539,
      "cv_std": 2289.520699042082
    },
    "speedups": [
      99.66777408637874,
      99.33774834437087,
      99.66777408637874,
      99.33774834437087,
      99.66777408637874,
      99.33774834437087,
      99.66777408637874,
      99.33774834437087,
      99.66777408637874,
      99.33774834437087,
      19.41747572815534,
      38.46153846153846,
      99.66777408637874,
      99.33774834437087,
      99.66777408637874,
      99.33774834437087,
      99.66777408637874,
      99.33774834437087,
      99.66777408637874,
      99.33774834437087
    ],
    "best_speedups": [
      99.66777408637874,
      99.66777408637874,
      99.66777408637874,
      99.66777408637874,
      99.66777408637874,
      38.46153846153846,
      99.66777408637874,
      99.66777408637874,
      99.66777408637874,
      99.66777408637874
    ]
  }
}