{
  "dip_target": 0.453782015956171,
  "cifar_mean": 0.5282914168760973,
  "cifar_std": 0.08126014474955101,
  "class_scores": {
    "airplane": {
      "mean": 0.5662844341521552,
      "std": 0.07309705827347866
    },
    "automobile": {
      "mean": 0.449228002883966,
      "std": 0.036935905808834366
    },
    "bird": {
      "mean": 0.5726783324653725,
      "std": 0.09839852137766854
    },
    "cat": {
      "mean": 0.5483760780754839,
      "std": 0.06632666013478375
    },
    "deer": {
      "mean": 0.5972502282241918,
      "std": 0.058923453309334024
    },
    "dog": {
      "mean": 0.5178630014891282,
      "std": 0.025330231067790282
    },
    "frog": {
      "mean": 0.5039087253063997,
      "std": 0.051686748837904854
    },
    "horse": {
      "mean": 0.489023915978287,
      "std": 0.05436013208913539
    },
    "ship": {
      "mean": 0.6075345284494821,
      "std": 0.08189123227073329
    },
    "truck": {
      "mean": 0.5155622588526197,
      "std": 0.08232809760555175
    }
  }
}