{
  "n_samples": 500,
  "correlations": {
    "mean_spatial_variance": {
      "r": 0.4262792256524079,
      "p": 1.709872844707564e-23
    },
    "max_spatial_variance": {
      "r": 0.31147303266473797,
      "p": 1.038355797878448e-12
    },
    "mean_range": {
      "r": 0.42404248667736016,
      "p": 3.063779468790982e-23
    },
    "total_variance": {
      "r": 0.4262792256524079,
      "p": 1.709872844707564e-23
    }
  },
  "cohens_d": 0.8404659571356338,
  "high_order_mean_var": 0.20856535263021375,
  "low_order_mean_var": 0.1395457821825943,
  "status": "VALIDATED"
}