{
  "experiment_id": "RES-200",
  "hypothesis": "ESS step size (displacement magnitude) decreases as NS approaches high-order regions",
  "domain": "sampling_geometry",
  "status": "validated",
  "combined_analysis": {
    "n_samples": 1500,
    "spearman_rho": -0.502484970114304,
    "spearman_p": 8.928437410734498e-97,
    "pearson_r": -0.3709121497363711,
    "pearson_p": 3.9629220332584978e-50,
    "low_order_mean_step": 1.9718106560000606,
    "high_order_mean_step": 0.7921434080316934,
    "cohens_d": 0.675383627097353,
    "p_ttest": 4.776259110777327e-37,
    "p_mannwhitney": 4.9229105977106485e-64,
    "threshold_range": [
      0.004147380080290953,
      0.43131603501786997
    ],
    "step_size_range": [
      5.937707406427287e-07,
      8.880066896218525
    ],
    "bin_centers": [
      0.04686424557404885,
      0.13229797656156467,
      0.21773170754908044,
      0.3031654385365963,
      0.3885991695241121
    ],
    "bin_means": [
      2.4919713756578474,
      1.6694931821991956,
      1.1411684410032963,
      0.7537324869289765,
      0.3685466732633337
    ]
  },
  "per_seed_results": [
    {
      "n_samples": 300,
      "spearman_rho": -0.6533887955743789,
      "spearman_p": 6.634287599668467e-38,
      "pearson_r": -0.5260227226811529,
      "pearson_p": 9.510803872568777e-23,
      "low_order_mean_step": 1.8464207660710947,
      "high_order_mean_step": 0.3545141198112465,
      "cohens_d": 1.0431250849432165,
      "p_ttest": 2.656212083842003e-17,
      "p_mannwhitney": 4.560823451316529e-23,
      "threshold_range": [
        0.004147380080290953,
        0.3886254910029724
      ],
      "step_size_range": [
        5.937707406427287e-07,
        7.379527101492509
      ],
      "bin_centers": [
        0.04259519117255909,
        0.11949081335709538,
        0.19638643554163165,
        0.273282057726168,
        0.35017767991070425
      ],
      "bin_means": [
        2.358720841467328,
        1.936374944689864,
        0.9160952128960125,
        0.21756149633864813,
        0.13687507790289088
      ]
    },
    {
      "n_samples": 300,
      "spearman_rho": -0.3356821792190473,
      "spearman_p": 2.463641645197451e-09,
      "pearson_r": -0.23759604686033847,
      "pearson_p": 3.2133237365702545e-05,
      "low_order_mean_step": 1.59636395656148,
      "high_order_mean_step": 1.0174321372355728,
      "cohens_d": 0.32089731137773625,
      "p_ttest": 0.005961555215788391,
      "p_mannwhitney": 4.015391052524712e-07,
      "threshold_range": [
        0.004147380080290953,
        0.36078563787073825
      ],
      "step_size_range": [
        0.000420921802749287,
        7.084805340901436
      ],
      "bin_centers": [
        0.039811205859335674,
        0.11113885741742513,
        0.18246650897551459,
        0.25379416053360404,
        0.32512181209169355
      ],
      "bin_means": [
        2.285537401664107,
        1.336265164926585,
        1.2935904726076084,
        1.0142303597133608,
        0.9679766457792346
      ]
    },
    {
      "n_samples": 300,
      "spearman_rho": -0.5334880308144403,
      "spearman_p": 1.822681768617843e-23,
      "pearson_r": -0.3739257875113873,
      "pearson_p": 2.172521286629208e-11,
      "low_order_mean_step": 2.1128237827344902,
      "high_order_mean_step": 0.8083394051093209,
      "cohens_d": 0.7123120710972539,
      "p_ttest": 2.5126113073541705e-09,
      "p_mannwhitney": 2.2185559930767152e-14,
      "threshold_range": [
        0.004147380080290953,
        0.43131603501786997
      ],
      "step_size_range": [
        0.0012030949006749494,
        8.880066896218525
      ],
      "bin_centers": [
        0.04686424557404885,
        0.13229797656156467,
        0.21773170754908044,
        0.3031654385365963,
        0.3885991695241121
      ],
      "bin_means": [
        2.4589829744538667,
        1.9804493300889863,
        1.272533886825607,
        0.9845923313908067,
        0.4446855075543741
      ]
    },
    {
      "n_samples": 300,
      "spearman_rho": -0.4609576839158706,
      "spearman_p": 3.454700680593671e-17,
      "pearson_r": -0.38268445652591476,
      "pearson_p": 6.7123653120127705e-12,
      "low_order_mean_step": 2.426340814558375,
      "high_order_mean_step": 1.0595672602356345,
      "cohens_d": 0.7379566994966853,
      "p_ttest": 7.169657203218581e-10,
      "p_mannwhitney": 1.2286604229499703e-13,
      "threshold_range": [
        0.004147380080290953,
        0.3895835454785188
      ],
      "step_size_range": [
        0.0005134626599031054,
        7.9336144050805935
      ],
      "bin_centers": [
        0.04269099662011373,
        0.1197782296997593,
        0.19686546277940487,
        0.27395269585905047,
        0.35103992893869607
      ],
      "bin_means": [
        2.8179483980804902,
        2.590213895841947,
        1.3697345414347928,
        1.2727391789024303,
        0.9025692737721187
      ]
    },
    {
      "n_samples": 300,
      "spearman_rho": -0.5304996490919953,
      "spearman_p": 3.5486681005862915e-23,
      "pearson_r": -0.3562222290947826,
      "pearson_p": 2.1001786260721363e-10,
      "low_order_mean_step": 1.821647221485088,
      "high_order_mean_step": 0.7763208563564672,
      "cohens_d": 0.6164862050619438,
      "p_ttest": 2.0308145493081832e-07,
      "p_mannwhitney": 1.306074479163768e-15,
      "threshold_range": [
        0.004147380080290953,
        0.2888384978676973
      ],
      "step_size_range": [
        0.00021474656445180548,
        7.505657391603915
      ],
      "bin_centers": [
        0.03261649185903158,
        0.08955471541651283,
        0.1464929389739941,
        0.20343116253147536,
        0.26036938608895666
      ],
      "bin_means": [
        2.2345018696878687,
        2.0212042776808885,
        1.3741222264455928,
        1.0489412025630616,
        0.7326078918510913
      ]
    }
  ],
  "summary": "ESS step size DECREASES with order threshold (rho=-0.502, d=0.68). Low-order steps are 2.5x larger than high-order steps. Combined with constant curvature (RES-161), this means NS traverses tighter spirals in high-order regions."
}