{
  "experiment_id": "RES-122",
  "status": "inconclusive",
  "summary": "Mixed results: 1/3 bottleneck, 3/3 significant",
  "results_by_depth": {
    "3": {
      "mean_mi_curve": [
        0.7149164206780305,
        0.6208863580822253,
        0.5541825674009889,
        0.579217100444237
      ],
      "std_mi_curve": [
        0.09965018600380886,
        0.13281851417754928,
        0.13395132456125428,
        0.1773755326115847
      ],
      "min_layer_idx": 2,
      "is_middle_min": true,
      "first_half_trend": -0.0803669266385208,
      "second_half_trend": 0.025034533043248042,
      "has_bottleneck_shape": true,
      "min_mi": 0.5541825674009889,
      "endpoint_mi": 0.6470667605611338,
      "t_statistic": -10.091931565017715,
      "p_value": 6.894408675479791e-17,
      "effect_size": 1.0142772851850885,
      "n_networks": 100,
      "n_hidden_layers": 3
    },
    "5": {
      "mean_mi_curve": [
        0.7388555923026516,
        0.6081236603797529,
        0.5335448917730806,
        0.4729785084240229,
        0.4385924252456002,
        0.44830902051865107
      ],
      "std_mi_curve": [
        0.11360823543601345,
        0.1420007009595906,
        0.12341351814705627,
        0.10923945738756353,
        0.09480303693719222,
        0.10832789709516179
      ],
      "min_layer_idx": 4,
      "is_middle_min": true,
      "first_half_trend": -0.0872210020242559,
      "second_half_trend": -0.012334743952685905,
      "has_bottleneck_shape": false,
      "min_mi": 0.4385924252456002,
      "endpoint_mi": 0.5935823064106514,
      "t_statistic": -22.333002316300476,
      "p_value": 1.9375332577640656e-40,
      "effect_size": 2.2445511856153555,
      "n_networks": 100,
      "n_hidden_layers": 5
    },
    "7": {
      "mean_mi_curve": [
        0.7351942505422566,
        0.6154190376172773,
        0.5383807524621262,
        0.4852183725059242,
        0.4422026661158639,
        0.4085143921269632,
        0.3829837557830681,
        0.3867423235776256
      ],
      "std_mi_curve": [
        0.09660475603549774,
        0.1212771494708312,
        0.11075283291702441,
        0.1084313403596129,
        0.09963136017663667,
        0.08303511293361825,
        0.07940285677685363,
        0.09271421763634871
      ],
      "min_layer_idx": 6,
      "is_middle_min": true,
      "first_half_trend": -0.07161838339641392,
      "second_half_trend": -0.019191166395861062,
      "has_bottleneck_shape": false,
      "min_mi": 0.3829837557830681,
      "endpoint_mi": 0.5609682870599411,
      "t_statistic": -26.638543072674203,
      "p_value": 6.047713911699495e-47,
      "effect_size": 2.6772743131448897,
      "n_networks": 100,
      "n_hidden_layers": 7
    }
  }
}