{
  "experiment": "RES-181",
  "hypothesis": "Order sensitivity to threshold perturbation peaks at 0.5 due to density gate design",
  "domain": "threshold_behavior",
  "status": "refuted",
  "n_samples": 500,
  "thresholds": [
    0.1,
    0.2,
    0.3,
    0.4,
    0.5,
    0.6,
    0.7,
    0.8,
    0.9
  ],
  "mean_sensitivity": {
    "0.1": 0.32110362516122176,
    "0.2": 0.38111961005879164,
    "0.3": 0.3862359234514945,
    "0.4": 0.3710744768054053,
    "0.5": 0.37872300595930997,
    "0.6": 0.39498528472111766,
    "0.7": 0.40892289404011434,
    "0.8": 0.4038553499978626,
    "0.9": 0.4548261884791473
  },
  "std_sensitivity": {
    "0.1": 0.6895255272299573,
    "0.2": 0.7137886694836008,
    "0.3": 0.665523390968508,
    "0.4": 0.5883875543941438,
    "0.5": 0.5581524089084822,
    "0.6": 0.5985371941621936,
    "0.7": 0.682912216355126,
    "0.8": 0.6721311331291419,
    "0.9": 0.8357021843458811
  },
  "max_sens_threshold": 0.9,
  "effect_size": -0.018466261362251046,
  "p_value": 0.7175521306216714,
  "mean_at_05": 0.37872300595930997,
  "mean_at_other": 0.39026541908939444,
  "pairwise_results": {
    "0.1": {
      "d": 0.0918548002684567,
      "p": 0.1471222626688869
    },
    "0.2": {
      "d": -0.003740521987845819,
      "p": 0.9528972910370048
    },
    "0.3": {
      "d": -0.012232262831110483,
      "p": 0.8468294738085677
    },
    "0.4": {
      "d": 0.013337295382067262,
      "p": 0.8331876584290862
    },
    "0.6": {
      "d": -0.028101533814773066,
      "p": 0.6572257714166463
    },
    "0.7": {
      "d": -0.04842365317975488,
      "p": 0.4445243308692368
    },
    "0.8": {
      "d": -0.04068196894897416,
      "p": 0.5206346193018185
    },
    "0.9": {
      "d": -0.107095616606981,
      "p": 0.09102754398862196
    }
  }
}