{
  "n_samples": 1000,
  "order_stats": {
    "min": 0.004147380080290953,
    "max": 0.5197603629334541,
    "mean": 0.06505137437180838,
    "std": 0.07481398782994189
  },
  "l2_stats": {
    "min": 0.25369345460160875,
    "max": 4.785251485704788,
    "mean": 2.119638323887206,
    "std": 0.6864091769476524
  },
  "correlations": {
    "l2_norm": {
      "spearman_r": 0.01581517579479365,
      "spearman_p": 0.6174092258600656,
      "pearson_r": 0.00977700893524168,
      "pearson_p": 0.7574760601205125
    },
    "l1_norm": {
      "spearman_r": 0.03538859444263857,
      "spearman_p": 0.2635515520488464,
      "pearson_r": 0.0241456700640463,
      "pearson_p": 0.4456367620030219
    },
    "mean_abs": {
      "spearman_r": 0.03538859444263857,
      "spearman_p": 0.2635515520488464,
      "pearson_r": 0.024145670064046297,
      "pearson_p": 0.4456367620030219
    },
    "variance": {
      "spearman_r": 0.15740277690986018,
      "spearman_p": 5.659100987878026e-07,
      "pearson_r": 0.11890909003400742,
      "pearson_p": 0.000163960952258338
    },
    "max_abs": {
      "spearman_r": -0.03165467711837837,
      "spearman_p": 0.31730692554801865,
      "pearson_r": -0.031147994541343406,
      "pearson_p": 0.3251190107134124
    },
    "sparsity": {
      "spearman_r": -0.002272615611827191,
      "spearman_p": 0.9427796763697762,
      "pearson_r": 0.01036517044965326,
      "pearson_p": 0.7433847957344196
    },
    "kurtosis": {
      "spearman_r": -0.03591914709206701,
      "spearman_p": 0.2564554740276329,
      "pearson_r": -0.03991976939879159,
      "pearson_p": 0.2072015566259374
    },
    "conn_l2": {
      "spearman_r": 0.14089987788366273,
      "spearman_p": 7.734593055622534e-06,
      "pearson_r": 0.10969110437806812,
      "pearson_p": 0.000511064291283447
    },
    "bias_l2": {
      "spearman_r": -0.20497496376473806,
      "spearman_p": 6.014878854525941e-11,
      "pearson_r": -0.17756664891575408,
      "pearson_p": 1.5757166756857184e-08
    }
  },
  "l2_bins": [
    {
      "label": "Q1 (lowest)",
      "l2_range": [
        0.25369345460160875,
        1.5221766298629593
      ],
      "n": 201,
      "order_mean": 0.05879491261999217,
      "order_std": 0.07448442885930168,
      "l2_mean": 1.2200843261050522
    },
    {
      "label": "Q2",
      "l2_range": [
        1.5221766298629593,
        1.8991493705058247
      ],
      "n": 203,
      "order_mean": 0.06380857823384203,
      "order_std": 0.07370559466943488,
      "l2_mean": 1.7212842649142894
    },
    {
      "label": "Q3",
      "l2_range": [
        1.8991493705058247,
        2.2489075978386817
      ],
      "n": 202,
      "order_mean": 0.06909629434007694,
      "order_std": 0.07200231718390775,
      "l2_mean": 2.0671935986000296
    },
    {
      "label": "Q4",
      "l2_range": [
        2.2489075978386817,
        2.6965798027764416
      ],
      "n": 201,
      "order_mean": 0.07363977038956408,
      "order_std": 0.07810591923002495,
      "l2_mean": 2.460234040141528
    },
    {
      "label": "Q5 (highest)",
      "l2_range": [
        2.6965798027764416,
        4.785251485704788
      ],
      "n": 200,
      "order_mean": 0.05905683367333186,
      "order_std": 0.07387890248614015,
      "l2_mean": 3.136587840997669
    }
  ],
  "nonmonotonic_test": {
    "mann_whitney_U": 128758.5,
    "p_value": 0.05297276378505168,
    "cohens_d": 0.13303149373172823,
    "extreme_mean": 0.05892554656180748,
    "middle_mean": 0.06883199123179513,
    "peak_bin": "Q4"
  },
  "kruskal_wallis_l2": {
    "H": 4.865953881627592,
    "p_value": 0.3013300379631837
  },
  "order_comparison": {
    "l2_norm": {
      "low_mean": 2.110483073668552,
      "high_mean": 2.1695250073140846,
      "cohens_d": 0.08751865218452691,
      "p_value": 0.22476120045204984
    },
    "l1_norm": {
      "low_mean": 3.940549018332258,
      "high_mean": 4.1317838472765605,
      "cohens_d": 0.14558625584002904,
      "p_value": 0.05000512241948692
    },
    "variance": {
      "low_mean": 0.7368307463617703,
      "high_mean": 0.9203254713625056,
      "cohens_d": 0.32998809894562486,
      "p_value": 1.0072919631200302e-05
    },
    "max_abs": {
      "low_mean": 1.575231401202883,
      "high_mean": 1.5430724396292408,
      "cohens_d": -0.0598200640638164,
      "p_value": 0.6292899245603789
    },
    "sparsity": {
      "low_mean": 0.08085867620751343,
      "high_mean": 0.07664670658682635,
      "cohens_d": -0.035984780978644576,
      "p_value": 0.9286008207845613
    }
  },
  "conn_vs_bias": {
    "conn_correlation": {
      "rho": 0.14089987788366273,
      "p": 7.734593055622534e-06
    },
    "bias_correlation": {
      "rho": -0.20497496376473806,
      "p": 6.014878854525941e-11
    },
    "ratio_correlation": {
      "rho": 0.23706731314250476,
      "p": 3.056900632823912e-14
    }
  },
  "status": "refuted",
  "confidence": "high",
  "summary": "No significant relationship between weight statistics and order. Best correlation: bias_l2 (rho=-0.205, p=6.01e-11). Weight space appears unstructured with respect to order."
}