{
  "experiment_id": "RES-235",
  "title": "Deep Feature Learning for Structured Image Discovery",
  "method": "Compare order achievement across 5 coordinate input variants",
  "n_samples_per_variant": 25,
  "results": {
    "baseline": {
      "eff_dim": 4.879418380876987,
      "order_dist": {
        "mean": 0.08148299320992997,
        "std": 0.11803592971032026,
        "p25": 0.004147380080290953,
        "p50": 0.004274991775069136,
        "p75": 0.13766171994370902,
        "p90": 0.19548194719925321,
        "min": 0.004147380080290953,
        "max": 0.5197603629334541
      },
      "n_cppns": 25
    },
    "quadratic": {
      "eff_dim": 7.276159508745557,
      "order_dist": {
        "mean": 0.06094597871313975,
        "std": 0.055781809213858446,
        "p25": 0.0053501217861458865,
        "p50": 0.049576191938896674,
        "p75": 0.10319235920077154,
        "p90": 0.13430813600713118,
        "min": 0.004147380080290953,
        "max": 0.18129824325163954
      },
      "n_cppns": 25
    },
    "cubic": {
      "eff_dim": 8.104880409999057,
      "order_dist": {
        "mean": 0.05320161546107907,
        "std": 0.05762250817145599,
        "p25": 0.004274991775069136,
        "p50": 0.024131719415711576,
        "p75": 0.09557662173104213,
        "p90": 0.13168202089036973,
        "min": 0.004147380080290953,
        "max": 0.18422253179507517
      },
      "n_cppns": 25
    },
    "products": {
      "eff_dim": 8.104880409999057,
      "order_dist": {
        "mean": 0.05320161546107907,
        "std": 0.05762250817145599,
        "p25": 0.004274991775069136,
        "p50": 0.024131719415711576,
        "p75": 0.09557662173104213,
        "p90": 0.13168202089036973,
        "min": 0.004147380080290953,
        "max": 0.18422253179507517
      },
      "n_cppns": 25
    },
    "deep": {
      "eff_dim": 8.817453189748992,
      "order_dist": {
        "mean": 0.04944660997530799,
        "std": 0.062118997604100536,
        "p25": 0.004274991775069136,
        "p50": 0.010865431118670235,
        "p75": 0.07590051549774722,
        "p90": 0.13084139705038458,
        "min": 0.004147380080290953,
        "max": 0.2052709664620787
      },
      "n_cppns": 25
    }
  },
  "comparison": {
    "quadratic_order_gain": 0.7479594982000801,
    "cubic_order_gain": 0.6529168034366665,
    "products_order_gain": 0.6529168034366665,
    "deep_order_gain": 0.6068335001871551
  },
  "validation": {
    "test_quadratic_2x": false,
    "test_cubic_2x": false,
    "test_products_2x": false,
    "test_deep_2x": false,
    "best_variant": "baseline",
    "best_gain": 1.0,
    "conclusion": "refute"
  }
}